{
  "coilrefdata": {
    "names": [
      "RHELM",
      "LHELM",
      "REARHELM1"
    ],
    "data": [
      [
        1.2420645952224731,
        211.05409240722656,
        185.27333068847656
      ],
      [
        327.72113037109375,
        433.1583251953125,
        453.8704528808594
      ],
      [
        1572.3028564453125,
        1575.6163330078125,
        1637.0987548828125
      ]
    ]
  },
  "headrefdata": {
    "names": [],
    "data": []
  },
  "coilstimpointrefdata": {
    "names": [
      "*6"
    ],
    "data": [
      [
        148.98146057128906
      ],
      [
        324.01202392578125
      ],
      [
        1571.337158203125
      ]
    ]
  }
}