{
  "coilrefdata": {
    "names": [
      "RHELM",
      "LHELM",
      "REARHELM1"
    ],
    "data": [
      [
        1.2420645952224731,
        211.05409240722656,
        185.27333068847656
      ],
      [
        327.72113037109375,
        433.1583251953125,
        453.8704528808594
      ],
      [
        1572.3028564453125,
        1575.6163330078125,
        1637.0987548828125
      ]
    ]
  },
  "headrefdata": {
    "names": [
      "RHEAD",
      "NASION",
      "LHEAD"
    ],
    "data": [
      [
        -5.700239658355713,
        68.23485565185547,
        144.80581665039062
      ],
      [
        74.26683044433594,
        15.564248085021973,
        76.48468017578125
      ],
      [
        1644.2003173828125,
        1665.302734375,
        1642.525390625
      ]
    ]
  },
  "coilstimpointrefdata": {
    "names": [
      "*6"
    ],
    "data": [
      [
        148.98146057128906
      ],
      [
        324.01202392578125
      ],
      [
        1571.337158203125
      ]
    ]
  },
  "headstimpointrefdata": [
    [
      [
        83.13689167538251
      ],
      [
        132.37787099972118
      ],
      [
        1763.2650663912527
      ]
    ]
  ]
}